SERIE A,,,,,,,,,,,,,
,,,,,,,,,,,,,
Porta Voz,Miguel Kazan,Recife-PE,,,,,,,,,,,
Rede,24/11/25,01/12/25,08/12/25,15/12/25,22/12/25,29/12/25,Crescimento,%,Crescimento Mês,% Mês,,,
Insta,101.322,101654,,,,,332,"0,33%",-101.322,"-100,00%",,,https://www.instagram.com/miguelkazam/
TikTok,27.800,27900,,,,,100,"0,36%",-27.800,"-100,00%",,,https://www.tiktok.com/@miguel.kazan?is_from_webapp=1&sender_device=pc
X,2.856,2.846,,,,,-10,"-0,35%",-2.856,"-100,00%",,,https://x.com/MiguelKazan
Youtube,1.250,1260,,,,,10,"0,80%",-1.250,"-100,00%",,,https://www.youtube.com/@miguelkazans
Kawai,133,134,,,,,1,"0,75%",-133,"-100,00%",,,https://k.kwai.com/u/@fhyvo984/6ykzCuvy
Total,133.361,133.794,0,0,0,0,433,"0,32%",-133.361,"-100,00%",,,
,,,,,,,,,,,,,
Porta Voz,Asafe,,,,,,,,,,,,
Rede,24/11/25,01/12/25,08/12/25,15/12/25,22/12/25,29/12/25,Crescimento,%,Crescimento Mês,% Mês,,,
Insta,20.658,21636,,,,,978,"4,73%",-20.658,"-100,00%",,,https://www.instagram.com/asafe.pe/
TikTok,10.500,10800,,,,,300,"2,86%",-10.500,"-100,00%",,,https://www.tiktok.com/@asafe.pe
X,328,322,,,,,-6,"-1,83%",-328,"-100,00%",,,https://x.com/asafepe14
Youtube,499,504,,,,,5,"1,00%",-499,"-100,00%",,,https://www.youtube.com/@asafepe
Kawai,431,438,,,,,7,"1,62%",-431,"-100,00%",,,https://kwai-video.com/u/@asafe.pe/gYAcofC1
Total,32.416,33.700,0,0,0,0,1.284,"3,96%",-32.416,"-100,00%",,,
,,,,,,,,,,,,,
Porta Voz,Xande,,,,,,,,,,,,
Rede,24/11/25,01/12/25,08/12/25,15/12/25,22/12/25,29/12/25,Crescimento,%,Crescimento Mês,% Mês,,,
Insta,6.943,7.319,,,,,376,"5,42%",-6.943,"-100,00%",,,https://www.instagram.com/xandepessoape/
TikTok,4.360,4436,,,,,76,"1,74%",-4.360,"-100,00%",,,https://www.tiktok.com/@xandepessoape?lang=pt
X,878,895,,,,,17,"1,94%",-878,"-100,00%",,,https://x.com/XandePessoaPE
Youtube,448,450,,,,,2,"0,45%",-448,"-100,00%",,,https://www.youtube.com/@xandepessoape
Kawai,1.100,1100,,,,,0,"0,00%",-1.100,"-100,00%",,,https://kwai-video.com/u/@xandepessoape/CVrHnCZZ
Total,13.729,14.200,0,0,0,0,471,"3,43%",-13.729,"-100,00%",,,
,,,,,,,,,,,,,
Porta Voz,Mikael,,,,,,,,,,,,
Rede,24/11/25,01/12/25,08/12/25,15/12/25,22/12/25,29/12/25,Crescimento,%,Crescimento Mês,% Mês,,,
Insta,5.676,5.670,,,,,-6,"-0,11%",-5.676,"-100,00%",,,https://www.instagram.com/mikaelgringope/
TikTok,1.841,1843,,,,,2,"0,11%",-1.841,"-100,00%",,,https://www.tiktok.com/@mikaelgringope?lang=pt
X,3.732,3.754,,,,,22,"0,59%",-3.732,"-100,00%",,,https://x.com/mikaelgringoPE
Youtube,326,327,,,,,1,"0,31%",-326,"-100,00%",,,https://www.youtube.com/@mikaelgringoPE
Kawai,123,124,,,,,1,"0,81%",-123,"-100,00%",,,https://k.kwai.com/u/@MikaelGringoPE/NCtovVsr
Total,11.698,11.718,0,0,0,0,20,"0,17%",-11.698,"-100,00%",,,
,,,,,,,,,,,,,
Porta Voz,Nadson,,,,,,,,,,,,
Rede,24/11/25,01/12/25,08/12/25,15/12/25,22/12/25,29/12/25,Crescimento,%,Crescimento Mês,% Mês,,,
Insta,3.201,3.339,,,,,138,"4,31%",-3.201,"-100,00%",,,https://www.instagram.com/nadsonpa/
TikTok,4.698,4702,,,,,4,"0,09%",-4.698,"-100,00%",,,https://www.tiktok.com/@nadsonpa14?lang=pt
X,426,428,,,,,2,"0,47%",-426,"-100,00%",,,https://x.com/nadsonpa
Youtube,242,242,,,,,0,"0,00%",-242,"-100,00%",,,https://www.youtube.com/@nadsonpa
Kawai,211,212,,,,,1,"0,47%",-211,"-100,00%",,,https://k.kwai.com/u/@nadsonpa/sp7peCpE
Total,8.778,8.923,0,0,0,0,145,"1,65%",-8.778,"-100,00%",,,
,,,,,,,,,,,,,
Porta Voz,Ricardo,,,,,,,,,,,,
Rede,24/11/25,01/12/25,08/12/25,15/12/25,22/12/25,29/12/25,Crescimento,%,Crescimento Mês,% Mês,,,
Insta,5.888,5.948,,,,,60,"1,02%",-5.888,"-100,00%",,,https://www.instagram.com/ricardomoraispb/
TikTok,1.673,1683,,,,,10,"0,60%",-1.673,"-100,00%",,,https://www.tiktok.com/@ricardomoraispb?lang=pt
X,1.316,1.328,,,,,12,"0,91%",-1.316,"-100,00%",,,https://x.com/ricardomoraispb
Youtube,106,106,,,,,0,"0,00%",-106,"-100,00%",,,https://www.youtube.com/@ricardomoraispb
Kawai,371,379,,,,,8,"2,16%",-371,"-100,00%",,, https://k.kwai.com/u/@ricardomoraispb/BDFTCCr3
Total,9.354,9.444,0,0,0,0,90,"0,96%",-9.354,"-100,00%",,,
,,,,,,,,,,,,,
Porta Voz,Mayara,mayarajacintoRN,Rio Grande do Norte,,,,,,,,,,
Rede,24/11/25,01/12/25,08/12/25,15/12/25,22/12/25,29/12/25,Crescimento,%,Crescimento Mês,% Mês,,,
Insta,6.206,6.246,,,,,40,"0,64%",-6.206,"-100,00%",,,https://www.instagram.com/majacinto_/
TikTok,1.458,1459,,,,,1,"0,07%",-1.458,"-100,00%",,,https://www.tiktok.com/@majacinto_
X,25,25,,,,,0,"0,00%",-25,"-100,00%",,,https://x.com/majacinto_
Youtube,78,78,,,,,0,"0,00%",-78,"-100,00%",,,https://www.youtube.com/@majacintoo
Kawai,296,297,,,,,1,"0,34%",-296,"-100,00%",,, https://k.kwai.com/u/@majacinto_/vrDC4OsE
Total,8.063,8.105,0,0,0,0,42,"0,52%",-8.063,"-100,00%",,,
,,,,,,,,,,,,,
Porta Voz,Brasil de Cima,,,,,,,,,,,,
Rede,24/11/25,01/12/25,08/12/25,15/12/25,22/12/25,29/12/25,Crescimento,%,Crescimento Mês,% Mês,,,
Insta,1.625,1652,,,,,27,"1,66%",-1.625,"-100,00%",,,https://www.instagram.com/obrasildecima
TikTok,2.520,2545,,,,,25,"0,99%",-2.520,"-100,00%",,,https://www.tiktok.com/@obrasildecima?lang=pt
X,2.573,2.618,,,,,45,"1,75%",-2.573,"-100,00%",,,https://x.com/obrasildecima
Youtube,1.080,1100,,,,,20,"1,85%",-1.080,"-100,00%",,,https://www.youtube.com/@obrasildecima
Kwai,801,802,,,,,1,"0,12%",-801,"-100,00%",,,https://k.kwai.com/u/@decimabrasil/IyYnXCLu
Total,8.599,8.717,0,0,0,0,118,"1,37%",-8.599,"-100,00%",,,
,,,,,,,,,,,,,
Porta Voz,Institucional,,,,,,,,,,,,
Rede,24/11/25,01/12/25,08/12/25,15/12/25,22/12/25,29/12/25,Crescimento,%,Crescimento Mês,% Mês,,,
Insta (MBL PE),21.394,22515,,,,,1.121,"5,24%",-21.394,"-100,00%",,,https://www.instagram.com/mblpernambuco/
Insta (MBL PB),3.844,3869,,,,,25,"0,65%",-3.844,"-100,00%",,,https://www.instagram.com/mblivrepb/
Insta (MBL PA),18.725,19.301,,,,,576,"3,08%",-18.725,"-100,00%",,,https://www.instagram.com/mblivrepa/
Insta (MBL RN),3.275,3302,,,,,27,"0,82%",-3.275,"-100,00%",,,https://www.instagram.com/mblivrern/
Insta (MBL AL),1.378,1390,,,,,12,"0,87%",-1.378,"-100,00%",,,https://www.instagram.com/mblalagoas/
X (MBL PE),882,887,,,,,5,"0,57%",-882,"-100,00%",,,https://x.com/mblivrepe
Total,49.498,51264,0,0,0,0,1.766,"3,57%",-49.498,"-100,00%",,,
,,,,,,,,,,,,,
Porta Voz,Fernanda Schmitt,São Paulo,São Jose dos campos,,,,,,,,,,
Rede,24/11/25,01/12/25,08/12/25,15/12/25,22/12/25,29/12/25,Crescimento,%,Crescimento Mês,% Mês,,,
Insta,8.304,8.398,,,,,94,"1,13%",-8.304,"-100,00%",,,https://www.instagram.com/fernandaschmittvet/
TikTok,2.205,2209,,,,,4,"0,18%",-2.205,"-100,00%",,,https://www.tiktok.com/@fernandaschmittvet?lang=pt
X,4.836,4.876,,,,,40,"0,83%",-4.836,"-100,00%",,,https://x.com/feschmittvet
Youtube,1.520,1540,,,,,20,"1,32%",-1.520,"-100,00%",,,https://www.youtube.com/@fernandaschmittvet
Kawai,120,134,,,,,14,"11,67%",-120,"-100,00%",,,https://kwai-video.com/u/@fernandaschmitt/i9Co9ntr
Total,16.985,17.157,0,0,0,0,172,"1,01%",-16.985,"-100,00%",,,
,,,,,,,,,,,,,
Porta Voz,Joel,Paudalho,,,,,,,,,,,
Rede,24/11/25,01/12/25,08/12/25,15/12/25,22/12/25,29/12/25,Crescimento,%,Crescimento Mês,% Mês,,,
Insta,5.342,5.580,,,,,238,"4,46%",-5.342,"-100,00%",,,https://www.instagram.com/joelconstancia/
TikTok,6.546,6547,,,,,1,"0,02%",-6.546,"-100,00%",,,https://www.tiktok.com/@joel_constancia
X,23,25,,,,,2,"8,70%",-23,"-100,00%",,,https://x.com/joelconstancia/
Youtube,149,181,,,,,32,"21,48%",-149,"-100,00%",,,https://www.youtube.com/@joelconstancia/
Kawai,773,772,,,,,-1,"-0,13%",-773,"-100,00%",,,https://www.kwai.com/@joelconstancia
Total,12.833,13.105,0,0,0,0,272,"2,12%",-12.833,"-100,00%",,,
,,,,,,,,,,,,,
Porta Voz,Leo Magnun,Olinda - PE,,,,,,,,,,,
Rede,24/11/25,01/12/25,08/12/25,15/12/25,22/12/25,29/12/25,Crescimento,%,Crescimento Mês,% Mês,,,
Insta,40.659,40677,,,,,18,"0,04%",-40.659,"-100,00%",,,https://www.instagram.com/leomagnun/
TikTok,9.133,9126,,,,,-7,"-0,08%",-9.133,"-100,00%",,,https://www.tiktok.com/@leomagnun_oficial
X,38,39,,,,,1,"2,63%",-38,"-100,00%",,,https://x.com/leomagnunof?s=11&t=HvJopDQ6gtHSUtNHqSTZlA
Youtube,0,0,,,,,0,#DIV/0!,0,#DIV/0!,,,
Kawai,0,0,,,,,0,#DIV/0!,0,#DIV/0!,,,
Total,49.830,49.842,0,0,0,0,12,"0,02%",-49.830,"-100,00%",,,
,,,,,,,,,,,,,
Porta Voz,Fabio,RN,,,,,,,,,,,
Rede,24/11/25,01/12/25,08/12/25,15/12/25,22/12/25,29/12/25,Crescimento,%,Crescimento Mês,% Mês,,,
Insta,7.332,7530,,,,,198,"2,70%",-7.332,"-100,00%",,,https://www.instagram.com/fabiosilveira.rn/
TikTok,81,81,,,,,0,"0,00%",-81,"-100,00%",,,https://www.tiktok.com/@fabiosilveira.rn
X,21,22,,,,,1,"4,76%",-21,"-100,00%",,,https://x.com/fabiosilveirarn
Youtube,216,219,,,,,3,"1,39%",-216,"-100,00%",,,https://www.youtube.com/@FabioSilveiraRN
Kawai,147,158,,,,,11,"7,48%",-147,"-100,00%",,,https://www.kwai.com/@FabioSilveiraRN
Total,7.797,8.010,0,0,0,0,213,"2,73%",-7.797,"-100,00%",,,
,,,,,,,,,,,,,
Porta Vozes,24/11/25,01/12/25,08/12/25,15/12/25,22/12/25,29/12/25,Crescimento,%,Crescimento Mês,% Mês,,,
Miguel Kazan - PE,133.361,133.794,0,0,0,0,433,"0,32%",-133.361,"-100,00%",,,
Leo Magun - PE,49.830,49.842,0,0,0,0,12,"0,02%",-49.830,"-100,00%",,,
MBL Coorporativo,49.498,51264,0,0,0,0,1.766,"3,57%",-49.498,"-100,00%",,,
Asafe - PE,32.416,33.700,0,0,0,0,1.284,"3,96%",-32.416,"-100,00%",,,
Fernanda - SP,16.985,17.157,0,0,0,0,172,"1,01%",-16.985,"-100,00%",,,
Xande - PE,13.729,14.200,0,0,0,0,471,"3,43%",-13.729,"-100,00%",,,
Joel - PE,12.833,13.105,0,0,0,0,272,"2,12%",-12.833,"-100,00%",,,
Mikael - PE,11.698,11.718,0,0,0,0,20,"0,17%",-11.698,"-100,00%",,,
Ricardo - PB,9.354,9.444,0,0,0,0,90,"0,96%",-9.354,"-100,00%",,,
Brasil de Cima,8.599,8.717,0,0,0,0,118,"1,37%",-8.599,"-100,00%",,,
Mayara - RN,8.063,8.105,0,0,0,0,42,"0,52%",-8.063,"-100,00%",,,
Fábio - RN,7.797,8.010,0,0,0,0,213,"2,73%",-7.797,"-100,00%",,,
Nadson - PA,8.778,8.923,0,0,0,0,145,"1,65%",-8.778,"-100,00%",,,
Total,362.941,367.979,0,0,0,0,5.038,"1,39%",-362.941,"-100,00%",,,
,,,,,,,,,,,,,
SERIE B,,,,,,,,,,,,,
,,,,,,,,,,,,,
Porta Voz,Ciro,ciromtpe,Pernambuco,,,,,,,,,,
Rede,24/11/25,01/12/25,08/12/25,15/12/25,22/12/25,29/12/25,Crescimento,%,Crescimento Mês,% Mês,,,
Insta,413,438,,,,,25,"6,05%",-413,"-100,00%",,,https://www.instagram.com/ciromtpe/
TikTok,134,146,,,,,12,"8,96%",-134,"-100,00%",,,https://www.tiktok.com/@ciromtpe
X,420,418,,,,,-2,"-0,48%",-420,"-100,00%",,,https://x.com/ciromtpe
Youtube,68,68,,,,,0,"0,00%",-68,"-100,00%",,,https://www.youtube.com/@ciromtpe
Kawai,95,101,,,,,6,"6,32%",-95,"-100,00%",,,https://www.kwai.com/@ciromtpe
Total,1.130,1.171,0,0,0,0,41,"3,63%",-1.130,"-100,00%",,,
,,,,,,,,,,,,,
Porta Voz,Wellignton,,,,,,,,,,,,
Rede,24/11/25,01/12/25,08/12/25,15/12/25,22/12/25,29/12/25,Crescimento,%,Crescimento Mês,% Mês,,,
Insta,2.043,2.097,,,,,54,"2,64%",-2.043,"-100,00%",,,https://www.instagram.com/wellingtonpe_ofc/
TikTok,413,421,,,,,8,"1,94%",-413,"-100,00%",,,https://www.tiktok.com/@wellinngtonpe_ofc?lang=pt
X,6,6,,,,,0,"0,00%",-6,"-100,00%",,,https://x.com/WRomeilto
Youtube,43,43,,,,,0,"0,00%",-43,"-100,00%",,,https://www.youtube.com/@Wellingtonpe_ofc
Kawai,404,415,,,,,11,"2,72%",-404,"-100,00%",,,https://k.kwai.com/u/@Wellingtonpe_ofc/Js5Rb6C6
Total,2.909,2.982,0,0,0,0,73,"2,51%",-2.909,"-100,00%",,,
,,,,,,,,,,,,,
Porta Voz,Felix Santos,felixsantos.rn,Rio Grande do Norte,,,,,,,,,,
Rede,24/11/25,01/12/25,08/12/25,15/12/25,22/12/25,29/12/25,Crescimento,%,Crescimento Mês,% Mês,,,
Insta,1.341,1350,,,,,9,"0,67%",-1.341,"-100,00%",,,https://www.instagram.com/felixsantos.rn
TikTok,219,224,,,,,5,"2,28%",-219,"-100,00%",,,https://www.tiktok.com/@felixsantos.rn
X,37,35,,,,,-2,"-5,41%",-37,"-100,00%",,,https://x.com/felixsantosrn
Youtube,26,26,,,,,0,"0,00%",-26,"-100,00%",,,https://www.youtube.com/@felixsantosrn?si=2mCvVo1G_SFtWY8Drn?si=2mCvVo1G_SFtWY8D
Kawai,282,293,,,,,11,"3,90%",-282,"-100,00%",,, https://kwai-video.com/u/@felixsantos.rn/CqugKYAF
Total,1.905,1.928,0,0,0,0,23,"1,21%",-1.905,"-100,00%",,,
,,,,,,,,,,,,,
Porta Voz,Leandro Gêmeos,,Paraíba,,,,,,,,,,
Rede,24/11/25,01/12/25,08/12/25,15/12/25,22/12/25,29/12/25,Crescimento,%,Crescimento Mês,% Mês,,,
Insta,680,683,,,,,3,"0,44%",-680,"-100,00%",,,https://www.instagram.com/le0_pb/
TikTok,202,202,,,,,0,"0,00%",-202,"-100,00%",,,https://www.tiktok.com/@leandrof.pb
X,10,10,,,,,0,"0,00%",-10,"-100,00%",,,https://x.com/leandroffpb
Youtube,64,64,,,,,0,"0,00%",-64,"-100,00%",,,https://www.youtube.com/@leandroffpb
Kawai,135,135,,,,,0,"0,00%",-135,"-100,00%",,,https://www.kwai.com/@leandrochamie
Total,1.091,1.094,0,0,0,0,3,"0,27%",-1.091,"-100,00%",,,
,,,,,,,,,,,,,
Porta Voz,João Gêmeos,,Paraíba,,,,,,,,,,
Rede,24/11/25,01/12/25,08/12/25,15/12/25,22/12/25,29/12/25,Crescimento,%,Crescimento Mês,% Mês,,,
Insta,1.097,1.110,,,,,13,"1,19%",-1.097,"-100,00%",,,https://www.instagram.com/freitasspb/
TikTok,453,849,,,,,396,"87,42%",-453,"-100,00%",,,https://www.tiktok.com/@freitasspb?_t=ZM-8xgw9FXvSKL&_r=1
X,18,18,,,,,0,"0,00%",-18,"-100,00%",,,https://x.com/FreitasChamie
Youtube,128,131,,,,,3,"2,34%",-128,"-100,00%",,,https://www.youtube.com/@freitaspb?si=51llKP_6CRwEywRv
Kawai,222,230,,,,,8,"3,60%",-222,"-100,00%",,,https://www.kwai.com/@FreitassPB
Total,1.918,2.338,0,0,0,0,420,"21,90%",-1.918,"-100,00%",,,
,,,,,,,,,,,,,
Porta Voz,Bismark,,Pernambuco,,,,,,,,,,
Rede,24/11/25,01/12/25,08/12/25,15/12/25,22/12/25,29/12/25,Crescimento,%,Crescimento Mês,% Mês,,,
Insta,1.634,1.796,,,,,162,"9,91%",-1.634,"-100,00%",,,https://www.instagram.com/bismark.pe/
TikTok,225,230,,,,,5,"2,22%",-225,"-100,00%",,,https://www.tiktok.com/@bismark.pe
X,99,99,,,,,0,"0,00%",-99,"-100,00%",,,https://x.com/BismarkPe
Youtube,1070,1070,,,,,0,"0,00%",-1.070,"-100,00%",,,https://www.youtube.com/@bismarkpe
Kawai,226,242,,,,,16,"7,08%",-226,"-100,00%",,,https://k.kwai.com/u/@bismark.pe/CzsNdVB8
Total,3.254,3.437,0,0,0,0,183,"5,62%",-3.254,"-100,00%",,,
,,,,,,,,,,,,,
Porta Voz,Matheus Portela,filosofo_digital,,,,,,,,,,,
Rede,24/11/25,01/12/25,08/12/25,15/12/25,22/12/25,29/12/25,Crescimento,%,Crescimento Mês,% Mês,,,
Insta,1.637,1.662,,,,,25,"1,53%",-1.637,"-100,00%",,,https://www.instagram.com/filosofo_digital
TikTok,94,96,,,,,2,"2,13%",-94,"-100,00%",,,https://www.tiktok.com/@filosofodigital?_t=ZM-8xdmlCHETRe&_r=1
X,42,45,,,,,3,"7,14%",-42,"-100,00%",,,https://x.com/F1losofodigital
Youtube,359,360,,,,,1,"0,28%",-359,"-100,00%",,,https://www.youtube.com/@filosofo_digital?si=CasJsIt6T5HoHUB7
Kawai,20,20,,,,,0,"0,00%",-20,"-100,00%",,,https://www.kwai.com/@filosofo_digital
Total,2.152,2.183,0,0,0,0,31,"1,44%",-2.152,"-100,00%",,,
,,,,,,,,,,,,,
Porta Voz,Jhon,JohnRobertPA,Pará,,,,,,,,,,
Rede,24/11/25,01/12/25,08/12/25,15/12/25,22/12/25,29/12/25,Crescimento,%,Crescimento Mês,% Mês,,,
Insta,2.424,2.425,,,,,1,"0,04%",-2.424,"-100,00%",,,https://www.instagram.com/johnrobertpa/
TikTok,898,900,,,,,2,"0,22%",-898,"-100,00%",,,https://www.tiktok.com/@johnrobertpa?lang=pt
X,435,435,,,,,0,"0,00%",-435,"-100,00%",,,https://x.com/JohnRobertPA
Youtube,47,47,,,,,0,"0,00%",-47,"-100,00%",,,https://www.youtube.com/@johnrobertpa
Kawai,135,137,,,,,2,"1,48%",-135,"-100,00%",,,https://k.kwai.com/u/@johnrobertpa/CIp5PFVu
Total,3.939,3.944,0,0,0,0,5,"0,13%",-3.939,"-100,00%",,,
,,,,,,,,,,,,,
Porta Voz,Arquivo da Onça,Recife-PE,,,,,,,,,,,
Rede,24/11/25,01/12/25,08/12/25,15/12/25,22/12/25,29/12/25,Crescimento,%,Crescimento Mês,% Mês,,,
Insta,1.956,2.156,,,,,200,"10,22%",-1.956,"-100,00%",,,https://www.instagram.com/arquivo_da_onca/
TikTok,967,986,,,,,19,"1,96%",-967,"-100,00%",,,https://www.tiktok.com/@arquivodaonca
X,19,19,,,,,0,"0,00%",-19,"-100,00%",,,https://x.com/arquivo_da_onca?t=l1xwKQlK9af10aZ7PhK1Hw&s=08
Youtube,71,71,,,,,0,"0,00%",-71,"-100,00%",,,youtube.com/@arquivodaonca?si=4xJjpwB9_I_4PcrY
Kawai,183,184,,,,,1,"0,55%",-183,"-100,00%",,,https://www.kwai.com/@arquivodaonca
Total,3.196,3.416,0,0,0,0,220,"6,88%",-3.196,"-100,00%",,,
,,,,,,,,,,,,,
Porta Voz,Lucas Cavalcanti,Olinda,,,,,,,,,,,
Rede,24/11/25,01/12/25,08/12/25,15/12/25,22/12/25,29/12/25,Crescimento,%,Crescimento Mês,% Mês,,,
Insta,2.214,2.920,,,,,706,"31,89%",-2.214,"-100,00%",,,https://www.instagram.com/lucasvcavalcanti/
TikTok,616,638,,,,,22,"3,57%",-616,"-100,00%",,,https://www.tiktok.com/@lucasvcavalcantipe
X,7,8,,,,,1,"14,29%",-7,"-100,00%",,,https://x.com/lucasvcavalcan?t=jHMY7fcstXlN0hJarGSCQw&s=08
Youtube,53,61,,,,,8,"15,09%",-53,"-100,00%",,,https://www.youtube.com/@lucasvcavalcanti/
Kawai,128,135,,,,,7,"5,47%",-128,"-100,00%",,,https://kwai-video.com/u/@lucasvcavalcanti/ktNJCNQn
Total,3.018,3.762,0,0,0,0,744,"24,65%",-3.018,"-100,00%",,,
,,,,,,,,,,,,,
Porta Vozes,Pedro Vilaça,Jaboatão - PE,,,,,,,,,,,
Rede,24/11/25,01/12/25,08/12/25,15/12/25,22/12/25,29/12/25,Crescimento,%,Crescimento Mês,% Mês,,,
Insta,2.253,2.331,,,,,78,"3,46%",-2.253,"-100,00%",,,https://www.instagram.com/pedrovilacape/
TikTok,113,122,,,,,9,"7,96%",-113,"-100,00%",,,https://www.tiktok.com/@pedro.vilaca_pe
X,14,13,,,,,-1,"-7,14%",-14,"-100,00%",,,https://x.com/Pedrogvilaca_
Youtube,3,3,,,,,0,"0,00%",-3,"-100,00%",,,https://www.youtube.com/@pedro.vilaca_pe
Kawai,2,2,,,,,0,"0,00%",-2,"-100,00%",,,https://kwai.com/@pedro.vilaca_pe
Total,2.385,2.471,0,0,0,0,86,"3,61%",-2.385,"-100,00%",,,
,,,,,,,,,,,,,
Porta Voz,Evandro Badeira,Caruaru,,,,,,,,,,,
Rede,24/11/25,01/12/25,08/12/25,15/12/25,22/12/25,29/12/25,Crescimento,%,Crescimento Mês,% Mês,,,
Insta,4.336,4.613,,,,,277,"6,39%",-4.336,"-100,00%",,,https://www.instagram.com/bandeiradrones/
TikTok,10,10,,,,,0,"0,00%",-10,"-100,00%",,,https://www.tiktok.com/@evandro__bandeira
X,0,,,,,,0,#DIV/0!,0,#DIV/0!,,,
Youtube,3510,3510,,,,,0,"0,00%",-3.510,"-100,00%",,,https://www.youtube.com/@BandeiraDrones
Kawai,0,,,,,,0,#DIV/0!,0,#DIV/0!,,,
Total,7.856,8.133,0,0,0,0,277,"3,53%",-7.856,"-100,00%",,,
,,,,,,,,,,,,,
Porta Voz,Igor,Natal - RN,,,,,,,,,,,
Rede,24/11/25,01/12/25,08/12/25,15/12/25,22/12/25,29/12/25,Crescimento,%,Crescimento Mês,% Mês,,,
Insta,760,756,,,,,-4,"-0,53%",-760,"-100,00%",,,https://www.instagram.com/Igor.FernandesRN
TikTok,15,17,,,,,2,"13,33%",-15,"-100,00%",,,tiktok.com/@igorfernandesrnn
X,4,4,,,,,0,"0,00%",-4,"-100,00%",,,https://x.com/Igor62234760?t=pmQmmVvcf0aMzcvKMYstaA&s=08
Youtube,6,6,,,,,0,"0,00%",-6,"-100,00%",,,https://www.youtube.com/@Igor.FernandesRN
Kawai,78,88,,,,,10,"12,82%",-78,"-100,00%",,,https://www.kwai.com/@ugrwn044?kpn=KWAI&share_device_id=AC262086-6691-4B5B-89E4-5ABFCF4C1D8C&share_item_type=profile&share_id=AC262086-6691-4B5B-89E4-5ABFCF4C1D8C_1749487962603&language=pt-CA&share_uid=150001694553868&fid=150001694553868&cc=WHATS_APP&timestamp=1749487962603&authorKwaiId=ugrwn044&translateKey=share_profile_default_word&shareBucket=br&pwa_source=share&shareCountry=BRA&shareBiz=profile&share_item_info=%40ugrwn044&ept=v2&short_key=BICaqe1e&PWA_share_N_string=20&request_source=1001&share_redirect_switch_choice=pwa
Total,863,871,0,0,0,0,8,"0,93%",-863,"-100,00%",,,
,,,,,,,,,,,,,
Porta Voz,24/11/25,01/12/25,08/12/25,15/12/25,22/12/25,29/12/25,Crescimento,%,Crescimento Mês,% Mês,,,
Evandro Badeira PE,7.856,8.133,0,0,0,0,277,"3,53%",-7.856,"-100,00%",,,
John - PA,3.939,3.944,0,0,0,0,5,"0,13%",-3.939,"-100,00%",,,
Bismark - PE,3.254,3.437,0,0,0,0,183,"5,62%",-3.254,"-100,00%",,,
Arquivo da Onça - PE,3.196,3.416,0,0,0,0,220,"6,88%",-3.196,"-100,00%",,,
Wellington - PE,2.909,2.982,0,0,0,0,73,"2,51%",-2.909,"-100,00%",,,
Portela - PE,2.152,2.183,0,0,0,0,31,"1,44%",-2.152,"-100,00%",,,
Lucas Cavalcanti - PE,3.018,3.762,0,0,0,0,744,"24,65%",-3.018,"-100,00%",,,
Felix - RN,1.905,1.928,0,0,0,0,23,"1,21%",-1.905,"-100,00%",,,
João Gemeos - PB,1.918,2.338,0,0,0,0,420,"21,90%",-1.918,"-100,00%",,,
Pedro Vilaça - PE,2.385,2.471,0,0,0,0,86,"3,61%",-2.385,"-100,00%",,,
Ciro - PE,1.130,1.171,0,0,0,0,41,"3,63%",-1.130,"-100,00%",,,
Leonardo Gemeos - PB,1.091,1.094,0,0,0,0,3,"0,27%",-1.091,"-100,00%",,,
Igor Fernandes - RN,863,871,0,0,0,0,8,"0,93%",-863,"-100,00%",,,
Total,35.616,37.730,0,0,0,0,2.114,"5,94%",-35.616,"-100,00%",,,
,,,,,,,,,,,,,
,,,,,,,,,,,,,
SERIE C,,,,,,,,,,,,,
,,,,,,,,,,,,,
,,,,,,,,,,,,,
Porta Voz,Pedro Oliveira,Camaragibe,,,,,,,,,,,
Rede,24/11/25,01/12/25,08/12/25,15/12/25,22/12/25,29/12/25,Crescimento,%,Crescimento Mês,% Mês,,,
Insta,11.483,11523,,,,,40,"0,35%",-11.483,"-100,00%",,,https://www.instagram.com/pedroholiveira.14/
TikTok,49,50,,,,,1,"2,04%",-49,"-100,00%",,,https://www.tiktok.com/@pedroholiveira.14/
X,2,2,,,,,0,"0,00%",-2,"-100,00%",,,https://x.com/pedroOlv14?t=JzLMlKiLeyKWvrst6cm8qA&s=09
Youtube,415,415,,,,,0,"0,00%",-415,"-100,00%",,,https://youtube.com/@pedroholiveira14?si=zJJ-h2TGhLyzS1_C
Kawai,167,169,,,,,2,"1,20%",-167,"-100,00%",,,https://www.kwai.com/@pedroholiveira.14
Total,12.116,12.159,0,0,0,0,43,"0,35%",-12.116,"-100,00%",,,
,,,,,,,,,,,,,
,,,,,,,,,,,,,
Porta Vozes,Caio Arruda,Jaboatão - PE,,,,,,,,,,,
Rede,24/11/25,01/12/25,08/12/25,15/12/25,22/12/25,29/12/25,Crescimento,%,Crescimento Mês,% Mês,,,
Insta,1.228,1.231,,,,,3,"0,24%",-1.228,"-100,00%",,,https://www.instagram.com/ccaio_arruda/
TikTok,,,,,,,0,#DIV/0!,0,#DIV/0!,,,
X,,,,,,,0,#DIV/0!,0,#DIV/0!,,,
Youtube,,,,,,,0,#DIV/0!,0,#DIV/0!,,,
Kawai,,,,,,,0,#DIV/0!,0,#DIV/0!,,,
Total,1.228,1.231,0,0,0,0,3,"0,24%",-1.228,"-100,00%",,,
,,,,,,,,,,,,,
Porta Vozes,Nathalia Pedrosa,Limoeiro - PE,,,,,,,,,,,
Rede,24/11/25,01/12/25,08/12/25,15/12/25,22/12/25,29/12/25,Crescimento,%,Crescimento Mês,% Mês,,,
Insta,332,594,,,,,262,"78,92%",-332,"-100,00%",,,https://www.instagram.com/nathaliapedrosa14/
TikTok,10,15,,,,,5,"50,00%",-10,"-100,00%",,,https://www.tiktok.com/@nathaliapedrosa14
X,1,1,,,,,0,"0,00%",-1,"-100,00%",,,https://x.com/NPedrosa14?t=cthD6MBfNTzdBH-6Ze__Tw&s=09
Youtube,1,5,,,,,4,"400,00%",-1,"-100,00%",,,https://youtube.com/@marianathaliapedrosa8168?si=KwknVe3O6NM2_3WV
Kawai,1,1,,,,,0,"0,00%",-1,"-100,00%",,,
Total,345,616,0,0,0,0,271,"78,55%",-345,"-100,00%",,,
,,,,,,,,,,,,,
Porta Vozes,Marvin,Recife - PE,,,,,,,,,,,
Rede,24/11/25,01/12/25,08/12/25,15/12/25,22/12/25,29/12/25,Crescimento,%,Crescimento Mês,% Mês,,,
Insta,341,348,,,,,7,"2,05%",-341,"-100,00%",,,https://www.instagram.com/marvinazoubel?igsh=MTJ3NnA2MWZla2ZiNg==
TikTok,47,54,,,,,7,"14,89%",-47,"-100,00%",,,https://www.tiktok.com/@marvin_azoubel?_r=1&_t=ZS-91OmlLtbFQW
X,3,4,,,,,1,"33,33%",-3,"-100,00%",,,https://x.com/marvinex_?t=l09fMGwigJgippa4xqlu0w&s=09
Youtube,11,12,,,,,1,"9,09%",-11,"-100,00%",,,https://youtube.com/@marvin_azoubel?si=9bf4NAB7W6zEhE-y
Kawai,20,27,,,,,7,"35,00%",-20,"-100,00%",,,https://k.kwai.com/u/@Marvinazoubel/aRuCajpx
Total,422,445,0,0,0,0,23,"5,45%",-422,"-100,00%",,,
,,,,,,,,,,,,,
Porta Vozes,Eric,Petrolina - PE,,,,,,,,,,,
Rede,24/11/25,01/12/25,08/12/25,15/12/25,22/12/25,29/12/25,Crescimento,%,Crescimento Mês,% Mês,,,
Insta,712,908,,,,,196,"27,53%",-712,"-100,00%",,,https://www.instagram.com/ericmuniz.pe/
TikTok,4,7,,,,,3,"75,00%",-4,"-100,00%",,,https://www.tiktok.com/@ericmuniz.pe
X,1,2,,,,,1,"100,00%",-1,"-100,00%",,,https://x.com/ericmunizPE
Youtube,7,7,,,,,0,"0,00%",-7,"-100,00%",,,https://youtube.com/@ericmunizpetrolina?si=9YRKseo7zZ99P6MU
Kawai,0,,,,,,0,#DIV/0!,0,#DIV/0!,,,
Total,724,924,0,0,0,0,200,"27,62%",-724,"-100,00%",,,
,,,,,,,,,,,,,
Porta Vozes,Lucal Tatal,Caruaru - PE,,,,,,,,,,,
Rede,24/11/25,01/12/25,08/12/25,15/12/25,22/12/25,29/12/25,Crescimento,%,Crescimento Mês,% Mês,,,
Insta,822,905,,,,,83,"10,10%",-822,"-100,00%",,,https://www.instagram.com/lucastatal/
TikTok,25,28,,,,,3,"12,00%",-25,"-100,00%",,,https://www.tiktok.com/@lucastatal?lang=pt
X,1,8,,,,,7,"700,00%",-1,"-100,00%",,,https://x.com/LucasAl29111516
Youtube,2,7,,,,,5,"250,00%",-2,"-100,00%",,,https://www.youtube.com/@lucastatal
Kawai,28,49,,,,,21,"75,00%",-28,"-100,00%",,,https://www.kwai.com/@lucastatal
Total,878,997,0,0,0,0,119,"13,55%",-878,"-100,00%",,,
,,,,,,,,,,,,,
Porta Vozes,Miguel Adriano,Recife - PE,,,,,,,,,,,
Rede,24/11/25,01/12/25,08/12/25,15/12/25,22/12/25,29/12/25,Crescimento,%,Crescimento Mês,% Mês,,,
Insta,527,546,,,,,19,"3,61%",-527,"-100,00%",,,https://www.instagram.com/migueladrianope/
TikTok,68,74,,,,,6,"8,82%",-68,"-100,00%",,,https://www.tiktok.com/@migueladrianope
X,22,25,,,,,3,"13,64%",-22,"-100,00%",,,https://x.com/0MiguelAdriano0
Youtube,25,26,,,,,1,"4,00%",-25,"-100,00%",,,https://www.youtube.com/@migueladrianope
Kawai,68,77,,,,,9,"13,24%",-68,"-100,00%",,,https://www.kwai.com/@migueladrianope
Total,710,748,0,0,0,0,38,"5,35%",-710,"-100,00%",,,
,,,,,,,,,,,,,
Porta Vozes,Sarah Sheron,Recife - PE,,,,,,,,,,,
Rede,24/11/25,01/12/25,08/12/25,15/12/25,22/12/25,29/12/25,Crescimento,%,Crescimento Mês,% Mês,,,
Insta,431,489,,,,,58,"13,46%",-431,"-100,00%",,,https://www.instagram.com/sarahbitencourt.pe/
TikTok,6,42,,,,,36,"600,00%",-6,"-100,00%",,,https://www.tiktok.com/@sarahbitencourt.pe
X,1,1,,,,,0,"0,00%",-1,"-100,00%",,,https://x.com/Sarahsheron_pe
Youtube,1,1,,,,,0,"0,00%",-1,"-100,00%",,,https://www.youtube.com/@sarahbitencourtpe
Kawai,7,7,,,,,0,"0,00%",-7,"-100,00%",,,https://k.kwai.com/u/@sarahsheronbit/sAClDoJa
Total,446,540,0,0,0,0,94,"21,08%",-446,"-100,00%",,,
,,,,,,,,,,,,,
Porta Vozes,Rhuan Lima,Camaragibe - PE,,,,,,,,,,,
Rede,24/11/25,01/12/25,08/12/25,15/12/25,22/12/25,29/12/25,Crescimento,%,Crescimento Mês,% Mês,,,
Insta,531,531,,,,,0,"0,00%",-531,"-100,00%",,,https://www.instagram.com/rhuanlimax?igsh=aGFjOTVjazZsZGxt&utm_source=qr
TikTok,6,6,,,,,0,"0,00%",-6,"-100,00%",,,https://www.tiktok.com/@rhuanlimax?_r=1&_t=ZS-91j8XSaVys4
X,51,51,,,,,0,"0,00%",-51,"-100,00%",,,https://x.com/rhuanlimax?s=21
Youtube,1,1,,,,,0,"0,00%",-1,"-100,00%",,,
Kawai,93,93,,,,,0,"0,00%",-93,"-100,00%",,, https://k.kwai.com/u/@rhuanlimax/QYvcsnCb
Total,682,682,0,0,0,0,0,"0,00%",-682,"-100,00%",,,
,,,,,,,,,,,,,
Porta Vozes,Abinadabe ,Natal - RN,,,,,,,,,,,
Rede,24/11/25,01/12/25,08/12/25,15/12/25,22/12/25,29/12/25,Crescimento,%,Crescimento Mês,% Mês,,,
Insta,890,891,,,,,1,"0,11%",-890,"-100,00%",,,https://www.instagram.com/abinadabefigueiredo/
TikTok,1,1,,,,,0,"0,00%",-1,"-100,00%",,,https://www.tiktok.com/@abinadabefig?_r=1&_t=ZS-91fklXMyr4c
X,1,1,,,,,0,"0,00%",-1,"-100,00%",,,https://x.com/Abinadabefig
Youtube,6,6,,,,,0,"0,00%",-6,"-100,00%",,,https://youtube.com/@abinadabefigueiredo?si=sg4b1yJLeRMop-eY
Kawai,2,17,,,,,15,"750,00%",-2,"-100,00%",,,https://k.kwai.com/u/@AbinadabeFigueiredo/uwCByW6W
Total,900,916,0,0,0,0,16,"1,78%",-900,"-100,00%",,,
,,,,,,,,,,,,,
,,,,,,,,,,,,,
Porta Voz,24/11/25,01/12/25,08/12/25,15/12/25,22/12/25,29/12/25,Crescimento,%,Crescimento Mês,% Mês,,,
Pedro Oliveira - PE,12.116,12.159,0,0,0,0,43,"0,35%",-12.116,"-100,00%",,,
Caio Arruda - PE,1.228,1.231,0,0,0,0,3,"0,24%",-1.228,"-100,00%",,,
Lucas Tatal - PE,878,997,0,0,0,0,119,"13,55%",-878,"-100,00%",,,
Eric - PE,724,924,0,0,0,0,200,"27,62%",-724,"-100,00%",,,
Miguel Adriano - PE,710,748,0,0,0,0,38,"5,35%",-710,"-100,00%",,,
Sarah Sheron - PE,446,540,0,0,0,0,94,"21,08%",-446,"-100,00%",,,
Rhuan Lima - PE,682,682,0,0,0,0,0,"0,00%",-682,"-100,00%",,,
Abinadabe -RN,900,916,0,0,0,0,16,"1,78%",-900,"-100,00%",,,
Marvin - PE,422,445,0,0,0,0,23,"5,45%",-422,"-100,00%",,,
Nathalia Pedrosa PE,345,616,0,0,0,0,271,"78,55%",-345,"-100,00%",,,
Total,18.451,19.258,0,0,0,0,807,"4,37%",-18.451,"-100,00%",,,
,,,,,,,,,,,,,
Estados,24/11/25,03/11/25,10/11/25,17/11/25,24/11/25,29/12/25,Crescimento,%,Crescimento Mês,% Mês,,,
Pernambuco,317.298,323.158,0,0,0,0,5.860,"1,85%",-317.298,"-100,00%",,,
Pará,31.442,32.168,0,0,0,0,726,"2,31%",-31.442,"-100,00%",,,
Rio Grande do Norte,22.803,23.132,0,0,0,0,329,"1,44%",-22.803,"-100,00%",,,
Paraiba,16.207,16.745,0,0,0,0,538,"3,32%",-16.207,"-100,00%",,,
Total,387.750,395.203,0,0,0,0,7.453,"1,92%",-387.750,"-100,00%",,,
,,,,,,,,,,,,,
Elite da Elite,,,,,,,,,,,,,
,,,,,,,,,,,,,
Porta Voz,Pedrinho,,,,,,,,,,,,
Rede,24/11/25,01/12/25,08/12/25,15/12/25,22/12/25,29/12/25,Crescimento,%,Crescimento Mês,% Mês,,,
Insta,98.843,116056,,,,,17.213,"17,41%",-98.843,"-100,00%",,,https://www.instagram.com/pedroarthurce/
TikTok,25600,25900,,,,,300,"1,17%",-25.600,"-100,00%",,,https://www.tiktok.com/@pedroarthurce
X,7.320,7.346,,,,,26,"0,36%",-7.320,"-100,00%",,,https://x.com/PedroArthurMBL
Youtube,30800,30800,,,,,0,"0,00%",-30.800,"-100,00%",,,https://www.youtube.com/@pedroarthurce
Kawai,1000,1000,,,,,0,"0,00%",-1.000,"-100,00%",,,https://www.kwai.com/@PedroArthurCE
Total,163.563,181.102,0,0,0,0,17.539,"10,72%",-163.563,"-100,00%",,,
,,,,,,,,,,,,,
Porta Voz,Faustino,,,,,,,,,,,,
Rede,24/11/25,01/12/25,08/12/25,15/12/25,22/12/25,29/12/25,Crescimento,%,Crescimento Mês,% Mês,,,
Insta,510.842,511548,,,,,706,"0,14%",-510.842,"-100,00%",,,https://www.instagram.com/faustinorn/
TikTok,356700,356200,,,,,-500,"-0,14%",-356.700,"-100,00%",,,https://www.tiktok.com/@faustinornoficial?is_from_webapp=1&sender_device=pc
X,18.225,18.354,,,,,129,"0,71%",-18.225,"-100,00%",,,https://x.com/faustinorn01
Youtube,255000,255000,,,,,0,"0,00%",-255.000,"-100,00%",,,https://www.youtube.com/@FaustinoRN
Kawai,50900,51600,,,,,700,"1,38%",-50.900,"-100,00%",,,https://www.kwai.com/@Faustinorn?page_source=detail
Total,1.191.667,1.192.702,0,0,0,0,1.035,"0,09%",-1.191.667,"-100,00%",,,
,,,,,,,,,,,,,
Porta Voz,24/11/25,01/12/25,08/12/25,15/12/25,22/12/25,29/12/25,Crescimento,%,Crescimento Mês,% Mês,,,
Miguel - PE,133.361,133.794,0,0,0,0,433,"0,32%",-133.361,"-100,00%",,,
Leo Magun - PE,49.830,49.842,0,0,0,0,12,"0,02%",-49.830,"-100,00%",,,
MBL Coorporativo,49.498,51.264,0,0,0,0,1.766,"3,57%",-49.498,"-100,00%",,,
Asafe - PE,32.416,33.700,0,0,0,0,1.284,"3,96%",-32.416,"-100,00%",,,
Fernanda - SP,16.985,17.157,0,0,0,0,172,"1,01%",-16.985,"-100,00%",,,
Xande - PE,13.729,14.200,0,0,0,0,471,"3,43%",-13.729,"-100,00%",,,
Joel - PE,12.833,13.105,0,0,0,0,272,"2,12%",-12.833,"-100,00%",,,
Pedro Oliveira - PE,12.116,12.159,0,0,0,0,43,"0,35%",-12.116,"-100,00%",,,
Mikael - PE,11.698,11.718,0,0,0,0,20,"0,17%",-11.698,"-100,00%",,,
Ricardo - PB,9.354,9.444,0,0,0,0,90,"0,96%",-9.354,"-100,00%",,,
Brasil de Cima,8.599,8.717,0,0,0,0,118,"1,37%",-8.599,"-100,00%",,,
Mayara - RN,8.063,8.105,0,0,0,0,42,"0,52%",-8.063,"-100,00%",,,
Fabio - RN,7.797,8.010,0,0,0,0,213,"2,73%",-7.797,"-100,00%",,,
Nadson - PA,8.778,8.923,0,0,0,0,145,"1,65%",-8.778,"-100,00%",,,
Rhuan Lima - PE,682,682,0,0,0,0,0,"0,00%",-682,"-100,00%",,,
Evandro Badeira PE,7.856,8.133,0,0,0,0,277,"3,53%",-7.856,"-100,00%",,,
John - PA,3.939,3.944,0,0,0,0,5,"0,13%",-3.939,"-100,00%",,,
Bismark - PE,3.254,3.437,0,0,0,0,183,"5,62%",-3.254,"-100,00%",,,
Arquivo da Onça,3.196,3.416,0,0,0,0,220,"6,88%",-3.196,"-100,00%",,,
Wellington - PE,2.909,2.982,0,0,0,0,73,"2,51%",-2.909,"-100,00%",,,
Pedro Vilaça - PE,2.385,2.471,0,0,0,0,86,"3,61%",-2.385,"-100,00%",,,
Portela - PE,2.152,2.183,0,0,0,0,31,"1,44%",-2.152,"-100,00%",,,
Lucas Cavalcanti - PE,3.018,3.762,0,0,0,0,744,"24,65%",-3.018,"-100,00%",,,
João Gemeos - PB,1.918,2.338,0,0,0,0,420,"21,90%",-1.918,"-100,00%",,,
Felix - RN,1.905,1.928,0,0,0,0,23,"1,21%",-1.905,"-100,00%",,,
Caio Arruda - PE,1.228,1.231,0,0,0,0,3,"0,24%",-1.228,"-100,00%",,,
Ciro - PE,1.130,1.171,0,0,0,0,41,"3,63%",-1.130,"-100,00%",,,
Leonardo Gemeos - PB,1.091,1.094,0,0,0,0,3,"0,27%",-1.091,"-100,00%",,,
Igor - RN,863,871,0,0,0,0,8,"0,93%",-863,"-100,00%",,,
Lucas Tatal - PE,878,997,0,0,0,0,119,"13,55%",-878,"-100,00%",,,
Sarah Sheron - PE,446,540,0,0,0,0,94,"21,08%",-446,"-100,00%",,,
Abinadabe -RN,900,916,0,0,0,0,16,"1,78%",-900,"-100,00%",,,
Eric - PE,724,924,0,0,0,0,200,"27,62%",-724,"-100,00%",,,
Marvin PE,422,445,0,0,0,0,23,"5,45%",-422,"-100,00%",,,
Nathalia Pedrosa PE,345,616,0,0,0,0,271,"78,55%",-345,"-100,00%",,,
Miguel Adriano - PE,710,748,0,0,0,0,38,"5,35%",-710,"-100,00%",,,
Total,417.008,424.967,0,0,0,0,7.959,"1,91%",-424.967,"-100,00%",,,
,,,,,,,,,,,,,
,,,,,,,,,,,,,
Páginas de Meme,,,,,,,,,,,,,
,,,,,,,,,,,,,
Páginas de Corte/Notícias,,,,,,,,,,,,,
Rede,24/11/25,01/12/25,08/12/25,15/12/25,22/12/25,29/12/25,Crescimento,%,Crescimento Mês,% Mês,,,
PernambucoReal,959,1229,,,,,270,"28,15%",-959,"-100,00%",,,https://www.instagram.com/pernambucoreal/
Arquivo da Onça - PE,3.196,3.416,0,0,0,0,220,"6,88%",-3.196,"-100,00%",,,https://www.instagram.com/arquivo_da_onca/
OnçaClipes,100,129,,,,,29,"29,00%",-100,"-100,00%",,,https://www.instagram.com/oncaclipes/
Voz do Interior,55,57,,,,,2,"3,64%",-55,"-100,00%",,,https://www.instagram.com/voz.do.interior.pe/
Onça pernambucana,124,142,,,,,18,"14,52%",-124,"-100,00%",,,https://www.instagram.com/oncapernambucana/
Gazeta Sertaneja,40,44,,,,,4,"10,00%",-40,"-100,00%",,,https://www.instagram.com/gazeta.sertaneja/
Pe_glorioso,29,42,,,,,13,"44,83%",-29,"-100,00%",,,https://www.instagram.com/pe_glorioso/
Nova Roma,193,203,,,,,10,"5,18%",-193,"-100,00%",,,https://www.instagram.com/novaromape/
Voz de Jaboatão,6,9,,,,,3,"50,00%",-6,"-100,00%",,,https://www.instagram.com/vozdejaboatao
Missaoporpe,53,53,,,,,0,"0,00%",-53,"-100,00%",,,https://www.instagram.com/missaoporpe/
Total,4.755,5.324,0,0,0,0,569,"11,97%",-4.755,"-100,00%",,,